{"stats":{"minecraft:picked_up":{"crystals_overhauled:onyx":4,"minecraft:air":0,"minecraft:andesite":17,"minecraft:brown_wool":1,"minecraft:leather":1,"minecraft:dirt":23,"minecraft:string":11,"cobblemon:pink_apricorn_seed":1,"minecraft:raw_copper":46,"chococraft:chocobo_feather":1,"crystals_overhauled:peridotite":5,"delightful:mini_melon":5,"minecraft:cobbled_deepslate":44,"crystals_overhauled:malachite":7,"minecraft:poppy":1,"minecraft:oak_planks":1,"minecraft:raw_iron":29,"minecraft:gravel":1,"minecraft:redstone":13,"cobblemon:pink_apricorn":2,"minecraft:pointed_dripstone":2,"minecraft:diorite":4,"minecraft:spruce_log":4,"minecraft:fermented_spider_eye":1,"minecraft:spider_eye":1,"minecraft:rotten_flesh":7,"minecraft:bread":12,"minecraft:coal":22,"crystals_overhauled:celestite":6,"minecraft:rail":2,"minecraft:cobblestone":51},"minecraft:dropped":{"minecraft:poppy":1,"minecraft:brown_wool":1,"minecraft:melon_slice":1,"minecraft:gold_nugget":3,"minecraft:string":4},"minecraft:killed_by":{"minecraft:skeleton":1,"minecraft:zombie":1,"kevin_trophy:spitter_zombie":1},"minecraft:killed":{"minecraft:cave_spider":4,"cobblemon:pokemon":2,"minecraft:spider":1,"minecraft:zombie":6},"minecraft:custom":{"minecraft:interact_with_furnace":11,"minecraft:mob_kills":14,"minecraft:interact_with_crafting_table":7,"minecraft:leave_game":6,"minecraft:time_since_death":27741,"minecraft:sleep_in_bed":3,"minecraft:climb_one_cm":1556,"minecraft:time_since_rest":27798,"minecraft:sprint_one_cm":250726,"minecraft:damage_taken":1645,"minecraft:walk_one_cm":139853,"minecraft:drop":5,"minecraft:damage_dealt":2274,"minecraft:talked_to_villager":1,"minecraft:fly_one_cm":205511,"minecraft:open_chest":4,"minecraft:crouch_one_cm":2113,"minecraft:play_time":67588,"minecraft:deaths":4,"minecraft:sneak_time":884,"minecraft:jump":1173,"minecraft:walk_on_water_one_cm":61,"minecraft:total_world_time":67588,"minecraft:fall_one_cm":36963},"minecraft:mined":{"minecraft:deepslate_redstone_ore":6,"crystals_overhauled:peridotite_ore":2,"cobblemon:apricorn_leaves":2,"crystals_overhauled:saphire_ore":2,"cobblemon:pink_apricorn":2,"minecraft:grass_block":6,"minecraft:copper_ore":12,"minecraft:spruce_leaves":1,"crystals_overhauled:celestite_ore":3,"minecraft:diorite":4,"crystals_overhauled:onyx_ore":3,"minecraft:iron_ore":29,"vct:spruce_crafting_table":1,"crystals_overhauled:malachite_ore":3,"minecraft:andesite":13,"treechop:chopped_log":1,"minecraft:pointed_dripstone":2,"minecraft:coal_ore":22,"delightful:mini_melon":4,"minecraft:rail":3,"minecraft:gravel":1,"minecraft:dirt":17,"minecraft:stone":55,"minecraft:deepslate":37},"minecraft:broken":{"minecraft:stone_pickaxe":1},"minecraft:crafted":{"minecraft:spruce_planks":16,"minecraft:melon_slice":12,"minecraft:wooden_pickaxe":1,"minecraft:baked_potato":6,"vct:spruce_crafting_table":1,"minecraft:copper_ingot":6,"minecraft:stone_axe":1,"minecraft:air":0,"minecraft:stick":12,"minecraft:iron_ingot":11,"minecraft:iron_pickaxe":1,"minecraft:stone_pickaxe":1,"minecraft:torch":4},"minecraft:used":{"minecraft:stone_pickaxe":110,"minecraft:baked_potato":6,"minecraft:wooden_pickaxe":14,"vct:spruce_crafting_table":1,"minecraft:dirt":18,"minecraft:bread":6,"minecraft:melon_slice":11,"minecraft:iron_pickaxe":95,"minecraft:stone_axe":62,"minecraft:potato":17}},"DataVersion":3120}