{"stats":{"minecraft:mined":{"minecraft:grass_block":1,"minecraft:dirt":3},"minecraft:used":{"minecraft:dirt":4},"minecraft:picked_up":{"minecraft:dirt":4},"minecraft:custom":{"minecraft:jump":20,"minecraft:time_since_rest":1068,"minecraft:crouch_one_cm":141,"minecraft:leave_game":2,"minecraft:play_time":1068,"minecraft:sprint_one_cm":1539,"minecraft:time_since_death":1068,"minecraft:walk_one_cm":783,"minecraft:sneak_time":32,"minecraft:total_world_time":1068,"minecraft:fall_one_cm":269,"minecraft:fly_one_cm":2796}},"DataVersion":3120}