{"stats":{"minecraft:picked_up":{"minecraft:air":0,"minecraft:leather":1,"minecraft:brown_wool":1,"minecraft:spruce_log":4,"minecraft:string":2,"minecraft:dirt":4,"chococraft:chocobo_feather":1,"delightful:mini_melon":5,"minecraft:cobblestone":7},"minecraft:dropped":{"minecraft:melon_slice":1},"minecraft:killed_by":{"minecraft:skeleton":1,"minecraft:zombie":1,"kevin_trophy:spitter_zombie":1},"minecraft:killed":{"cobblemon:pokemon":2,"minecraft:spider":1},"minecraft:mined":{"vct:spruce_crafting_table":1,"treechop:chopped_log":1,"minecraft:grass_block":1,"delightful:mini_melon":4,"minecraft:dirt":3,"minecraft:spruce_leaves":1,"minecraft:stone":14},"minecraft:custom":{"minecraft:time_since_rest":1303,"minecraft:sprint_one_cm":128430,"minecraft:interact_with_furnace":1,"minecraft:damage_taken":830,"minecraft:walk_one_cm":62623,"minecraft:mob_kills":2,"minecraft:drop":1,"minecraft:damage_dealt":560,"minecraft:talked_to_villager":1,"minecraft:interact_with_crafting_table":4,"minecraft:fly_one_cm":135879,"minecraft:open_chest":3,"minecraft:crouch_one_cm":223,"minecraft:play_time":30998,"minecraft:deaths":3,"minecraft:sneak_time":72,"minecraft:jump":719,"minecraft:leave_game":5,"minecraft:time_since_death":1224,"minecraft:sleep_in_bed":2,"minecraft:total_world_time":30998,"minecraft:climb_one_cm":805,"minecraft:fall_one_cm":21974},"minecraft:crafted":{"minecraft:melon_slice":12,"minecraft:spruce_planks":16,"minecraft:stick":8,"minecraft:wooden_pickaxe":1,"minecraft:stone_pickaxe":1,"vct:spruce_crafting_table":1,"minecraft:stone_axe":1},"minecraft:used":{"minecraft:melon_slice":11,"minecraft:wooden_pickaxe":14,"vct:spruce_crafting_table":1,"minecraft:stone_axe":1,"minecraft:dirt":4,"minecraft:potato":17}},"DataVersion":3120}