{"stats":{"minecraft:picked_up":{"minecraft:acacia_log":3},"minecraft:used":{"minecraft:acacia_planks":5},"minecraft:crafted":{"minecraft:crafting_table":1,"minecraft:acacia_planks":12},"minecraft:custom":{"minecraft:jump":17,"minecraft:time_since_rest":1304,"minecraft:crouch_one_cm":55,"minecraft:leave_game":2,"minecraft:play_time":1304,"minecraft:sprint_one_cm":1957,"minecraft:time_since_death":1304,"minecraft:walk_one_cm":3148,"minecraft:sneak_time":24,"minecraft:total_world_time":1304,"minecraft:fly_one_cm":1290},"minecraft:mined":{"minecraft:acacia_log":3}},"DataVersion":3465}