{"stats":{"minecraft:picked_up":{"minecraft:dirt":4},"minecraft:custom":{"minecraft:jump":62,"minecraft:time_since_rest":2467,"minecraft:leave_game":3,"minecraft:crouch_one_cm":223,"minecraft:play_time":2467,"minecraft:sprint_one_cm":14086,"minecraft:time_since_death":2467,"minecraft:walk_one_cm":1134,"minecraft:sneak_time":58,"minecraft:total_world_time":2467,"minecraft:fall_one_cm":3613,"minecraft:fly_one_cm":13417},"minecraft:used":{"minecraft:dirt":4},"minecraft:mined":{"minecraft:grass_block":1,"minecraft:dirt":3}},"DataVersion":3120}