{"stats":{"minecraft:picked_up":{"minecraft:raw_iron":21,"minecraft:air":0,"minecraft:andesite":6,"minecraft:leather":1,"minecraft:brown_wool":1,"minecraft:gravel":1,"minecraft:pointed_dripstone":2,"minecraft:fermented_spider_eye":1,"cobblemon:pink_apricorn":2,"minecraft:spruce_log":4,"minecraft:string":2,"minecraft:dirt":23,"minecraft:raw_copper":46,"cobblemon:pink_apricorn_seed":1,"chococraft:chocobo_feather":1,"minecraft:rotten_flesh":4,"delightful:mini_melon":5,"crystals_overhauled:malachite":7,"minecraft:poppy":1,"crystals_overhauled:celestite":6,"minecraft:coal":2,"minecraft:oak_planks":1,"minecraft:cobblestone":27},"minecraft:dropped":{"minecraft:melon_slice":1},"minecraft:killed_by":{"minecraft:skeleton":1,"minecraft:zombie":1,"kevin_trophy:spitter_zombie":1},"minecraft:killed":{"minecraft:zombie":3,"cobblemon:pokemon":2,"minecraft:spider":1},"minecraft:mined":{"minecraft:andesite":2,"minecraft:iron_ore":21,"crystals_overhauled:malachite_ore":3,"vct:spruce_crafting_table":1,"cobblemon:apricorn_leaves":2,"treechop:chopped_log":1,"minecraft:pointed_dripstone":2,"minecraft:coal_ore":2,"cobblemon:pink_apricorn":2,"minecraft:grass_block":6,"delightful:mini_melon":4,"minecraft:gravel":1,"minecraft:dirt":17,"minecraft:copper_ore":12,"crystals_overhauled:celestite_ore":3,"minecraft:spruce_leaves":1,"minecraft:stone":31},"minecraft:custom":{"minecraft:time_since_rest":15208,"minecraft:sprint_one_cm":216806,"minecraft:interact_with_furnace":11,"minecraft:damage_taken":1400,"minecraft:walk_one_cm":97330,"minecraft:mob_kills":6,"minecraft:drop":1,"minecraft:damage_dealt":1360,"minecraft:talked_to_villager":1,"minecraft:interact_with_crafting_table":7,"minecraft:fly_one_cm":203523,"minecraft:open_chest":4,"minecraft:crouch_one_cm":1792,"minecraft:play_time":54998,"minecraft:deaths":4,"minecraft:sneak_time":769,"minecraft:jump":1116,"minecraft:leave_game":5,"minecraft:time_since_death":15151,"minecraft:sleep_in_bed":3,"minecraft:total_world_time":54998,"minecraft:climb_one_cm":1213,"minecraft:fall_one_cm":36628},"minecraft:crafted":{"minecraft:iron_pickaxe":1,"minecraft:iron_ingot":11,"minecraft:melon_slice":12,"minecraft:spruce_planks":16,"minecraft:stick":12,"minecraft:baked_potato":6,"minecraft:wooden_pickaxe":1,"minecraft:stone_pickaxe":1,"vct:spruce_crafting_table":1,"minecraft:copper_ingot":6,"minecraft:torch":4,"minecraft:stone_axe":1,"minecraft:air":0},"minecraft:used":{"minecraft:melon_slice":11,"minecraft:stone_pickaxe":58,"minecraft:baked_potato":5,"minecraft:iron_pickaxe":26,"minecraft:wooden_pickaxe":14,"vct:spruce_crafting_table":1,"minecraft:stone_axe":25,"minecraft:dirt":4,"minecraft:potato":17}},"DataVersion":3120}