{"stats":{"minecraft:custom":{"minecraft:time_since_rest":3514,"minecraft:crouch_one_cm":223,"minecraft:sprint_one_cm":53849,"minecraft:play_time":13275,"minecraft:deaths":2,"minecraft:damage_taken":680,"minecraft:walk_one_cm":12737,"minecraft:sneak_time":64,"minecraft:mob_kills":2,"minecraft:jump":338,"minecraft:damage_dealt":535,"minecraft:leave_game":5,"minecraft:time_since_death":3448,"minecraft:total_world_time":13275,"minecraft:fall_one_cm":12175,"minecraft:fly_one_cm":72300},"minecraft:killed_by":{"minecraft:zombie":1,"kevin_trophy:spitter_zombie":1},"minecraft:picked_up":{"minecraft:leather":1,"minecraft:dirt":4,"minecraft:string":2},"minecraft:mined":{"minecraft:grass_block":1,"minecraft:dirt":3},"minecraft:used":{"minecraft:dirt":4},"minecraft:killed":{"minecraft:spider":1,"cobblemon:pokemon":1}},"DataVersion":3120}