{"stats":{"minecraft:picked_up":{"minecraft:raw_iron":2,"minecraft:air":0,"minecraft:leather":1,"minecraft:brown_wool":1,"minecraft:gravel":1,"minecraft:fermented_spider_eye":1,"cobblemon:pink_apricorn":2,"minecraft:spruce_log":4,"minecraft:string":2,"minecraft:dirt":23,"cobblemon:pink_apricorn_seed":1,"chococraft:chocobo_feather":1,"delightful:mini_melon":5,"minecraft:poppy":1,"minecraft:oak_planks":1,"minecraft:cobblestone":10},"minecraft:dropped":{"minecraft:melon_slice":1},"minecraft:killed_by":{"minecraft:skeleton":1,"minecraft:zombie":1,"kevin_trophy:spitter_zombie":1},"minecraft:killed":{"cobblemon:pokemon":2,"minecraft:spider":1},"minecraft:mined":{"minecraft:iron_ore":2,"vct:spruce_crafting_table":1,"cobblemon:apricorn_leaves":2,"treechop:chopped_log":1,"cobblemon:pink_apricorn":2,"minecraft:grass_block":6,"delightful:mini_melon":4,"minecraft:gravel":1,"minecraft:dirt":17,"minecraft:spruce_leaves":1,"minecraft:stone":14},"minecraft:custom":{"minecraft:time_since_rest":3208,"minecraft:sprint_one_cm":184792,"minecraft:interact_with_furnace":3,"minecraft:damage_taken":1110,"minecraft:walk_one_cm":75471,"minecraft:mob_kills":2,"minecraft:drop":1,"minecraft:damage_dealt":694,"minecraft:talked_to_villager":1,"minecraft:interact_with_crafting_table":4,"minecraft:fly_one_cm":191278,"minecraft:open_chest":4,"minecraft:crouch_one_cm":223,"minecraft:play_time":42998,"minecraft:deaths":4,"minecraft:sneak_time":77,"minecraft:jump":963,"minecraft:leave_game":5,"minecraft:time_since_death":3151,"minecraft:sleep_in_bed":3,"minecraft:total_world_time":42998,"minecraft:climb_one_cm":1213,"minecraft:fall_one_cm":32836},"minecraft:crafted":{"minecraft:melon_slice":12,"minecraft:spruce_planks":16,"minecraft:stick":8,"minecraft:baked_potato":6,"minecraft:wooden_pickaxe":1,"minecraft:stone_pickaxe":1,"vct:spruce_crafting_table":1,"minecraft:stone_axe":1,"minecraft:air":0},"minecraft:used":{"minecraft:melon_slice":11,"minecraft:stone_pickaxe":2,"minecraft:wooden_pickaxe":14,"vct:spruce_crafting_table":1,"minecraft:stone_axe":1,"minecraft:dirt":4,"minecraft:potato":17}},"DataVersion":3120}