{"stats":{"minecraft:killed_by":{"kevin_trophy:spitter_zombie":1},"minecraft:custom":{"minecraft:jump":155,"minecraft:damage_dealt":220,"minecraft:time_since_rest":1875,"minecraft:damage_taken":230,"minecraft:leave_game":5,"minecraft:play_time":7188,"minecraft:crouch_one_cm":223,"minecraft:sprint_one_cm":30814,"minecraft:time_since_death":1825,"minecraft:walk_one_cm":6719,"minecraft:deaths":1,"minecraft:sneak_time":58,"minecraft:total_world_time":7188,"minecraft:mob_kills":1,"minecraft:fly_one_cm":33664,"minecraft:fall_one_cm":6179},"minecraft:picked_up":{"minecraft:string":2,"minecraft:dirt":4},"minecraft:used":{"minecraft:dirt":4},"minecraft:killed":{"minecraft:spider":1},"minecraft:mined":{"minecraft:grass_block":1,"minecraft:dirt":3}},"DataVersion":3120}