{"stats":{"minecraft:picked_up":{"minecraft:string":2,"minecraft:dirt":4},"minecraft:mined":{"minecraft:grass_block":1,"minecraft:dirt":3},"minecraft:killed_by":{"kevin_trophy:spitter_zombie":1},"minecraft:used":{"minecraft:dirt":4},"minecraft:killed":{"minecraft:spider":1},"minecraft:custom":{"minecraft:jump":153,"minecraft:deaths":1,"minecraft:time_since_rest":820,"minecraft:damage_dealt":220,"minecraft:crouch_one_cm":223,"minecraft:leave_game":4,"minecraft:play_time":6133,"minecraft:sprint_one_cm":30541,"minecraft:damage_taken":230,"minecraft:time_since_death":770,"minecraft:walk_one_cm":6584,"minecraft:sneak_time":58,"minecraft:total_world_time":6133,"minecraft:mob_kills":1,"minecraft:fall_one_cm":5970,"minecraft:fly_one_cm":33433}},"DataVersion":3120}