{"stats":{"minecraft:picked_up":{"chococraft:chocobo_feather":1,"minecraft:air":0,"minecraft:brown_wool":1,"minecraft:leather":1,"delightful:mini_melon":5,"minecraft:spruce_log":4,"minecraft:dirt":4,"minecraft:string":2},"minecraft:dropped":{"minecraft:melon_slice":1},"minecraft:killed_by":{"minecraft:zombie":1,"kevin_trophy:spitter_zombie":1},"minecraft:killed":{"minecraft:spider":1,"cobblemon:pokemon":2},"minecraft:mined":{"minecraft:grass_block":1,"delightful:mini_melon":4,"minecraft:dirt":3,"minecraft:spruce_leaves":1,"treechop:chopped_log":1},"minecraft:custom":{"minecraft:open_chest":2,"minecraft:interact_with_furnace":1,"minecraft:time_since_rest":9237,"minecraft:crouch_one_cm":223,"minecraft:sprint_one_cm":76293,"minecraft:play_time":18998,"minecraft:damage_taken":680,"minecraft:deaths":2,"minecraft:walk_one_cm":33326,"minecraft:sneak_time":72,"minecraft:mob_kills":2,"minecraft:drop":1,"minecraft:jump":439,"minecraft:damage_dealt":560,"minecraft:leave_game":5,"minecraft:time_since_death":9171,"minecraft:total_world_time":18998,"minecraft:talked_to_villager":1,"minecraft:fall_one_cm":13429,"minecraft:fly_one_cm":90909},"minecraft:crafted":{"vct:spruce_crafting_table":1,"minecraft:spruce_planks":16,"minecraft:melon_slice":12,"minecraft:stick":8},"minecraft:used":{"minecraft:dirt":4,"minecraft:melon_slice":9}},"DataVersion":3120}