{"stats":{"minecraft:picked_up":{"minecraft:golden_helmet":1,"minecraft:stick":2,"minecraft:music_disc_strad":1,"minecraft:wheat":1,"minecraft:oak_fence":1,"minecraft:oak_log":7,"minecraft:spruce_sapling":4,"minecraft:spruce_log":5,"minecraft:lantern":3,"minecraft:item_frame":3,"minecraft:experience_bottle":1,"delightful:mini_melon":16,"minecraft:wheat_seeds":4,"minecraft:spruce_planks":8,"minecraft:iron_ingot":2,"vct:spruce_crafting_table":1,"minecraft:melon_slice":1,"minecraft:coal_block":16,"minecraft:iron_sword":1},"minecraft:mined":{"minecraft:black_stained_glass":1,"minecraft:spruce_planks":8,"minecraft:spruce_log":1,"vct:spruce_crafting_table":1,"treechop:chopped_log":1,"minecraft:oak_fence":1,"minecraft:oak_log":8,"delightful:mini_melon":17,"minecraft:coal_block":16,"lucky:lucky_block":1,"minecraft:spruce_leaves":4},"minecraft:custom":{"minecraft:time_since_rest":22275,"minecraft:sprint_one_cm":51749,"minecraft:damage_taken":363,"minecraft:walk_one_cm":68935,"minecraft:mob_kills":1,"minecraft:damage_dealt":271,"minecraft:interact_with_crafting_table":3,"minecraft:fly_one_cm":88386,"minecraft:open_barrel":1,"minecraft:open_chest":4,"minecraft:crouch_one_cm":446,"minecraft:play_time":22275,"minecraft:sneak_time":113,"minecraft:jump":486,"minecraft:leave_game":2,"minecraft:time_since_death":22275,"minecraft:total_world_time":22275,"minecraft:climb_one_cm":3000,"minecraft:fall_one_cm":11889},"minecraft:crafted":{"minecraft:oak_planks":28,"minecraft:spruce_planks":20,"minecraft:melon_slice":39,"minecraft:stick":4,"minecraft:wooden_pickaxe":1,"minecraft:wooden_axe":1,"vct:spruce_crafting_table":1},"minecraft:used":{"minecraft:wooden_axe":40,"minecraft:melon_slice":20,"minecraft:oak_planks":28,"minecraft:spruce_planks":11,"minecraft:wooden_pickaxe":17,"minecraft:spruce_sapling":4,"vct:spruce_crafting_table":1,"delightful:mini_melon":3,"minecraft:experience_bottle":1}},"DataVersion":3120}