{"stats":{"minecraft:picked_up":{"minecraft:music_disc_strad":1,"minecraft:wheat":1,"minecraft:andesite":5,"minecraft:flint":1,"minecraft:tuff":18,"minecraft:oak_log":7,"minecraft:string":1,"minecraft:dirt":4,"minecraft:lantern":3,"minecraft:item_frame":3,"minecraft:bone":1,"minecraft:experience_bottle":1,"delightful:mini_melon":16,"minecraft:wheat_seeds":5,"minecraft:cobbled_deepslate":96,"minecraft:spruce_planks":9,"minecraft:iron_ingot":2,"crystals_overhauled:rhodochrosite":4,"vct:spruce_crafting_table":1,"minecraft:poppy":1,"minecraft:melon_slice":1,"minecraft:coal_block":16,"minecraft:iron_sword":1,"minecraft:oak_planks":19,"minecraft:golden_helmet":1,"minecraft:stick":2,"minecraft:oak_fence":1,"minecraft:gravel":20,"minecraft:spruce_sapling":4,"minecraft:pointed_dripstone":3,"crystals_overhauled:saphire":19,"minecraft:spruce_log":5,"minecraft:redstone":14,"minecraft:arrow":4,"minecraft:rotten_flesh":7,"minecraft:granite":4,"minecraft:saddle":2,"minecraft:rail":1,"minecraft:cobblestone":84},"minecraft:dropped":{"minecraft:bread":12,"minecraft:dirt":2},"minecraft:killed_by":{"minecraft:skeleton":1,"minecraft:zombie":1},"minecraft:killed":{"minecraft:cave_spider":1,"minecraft:skeleton":2,"kevin_trophy:blister_zombie":1,"minecraft:zombie":4},"minecraft:mined":{"minecraft:tuff":18,"minecraft:spruce_planks":9,"minecraft:oak_fence":1,"crystals_overhauled:rhodochrosite_ore":1,"minecraft:glow_lichen":1,"minecraft:granite":4,"crystals_overhauled:saphire_ore":10,"cobblemon:pink_apricorn":1,"minecraft:grass_block":1,"minecraft:coal_block":16,"minecraft:tall_grass":1,"minecraft:spruce_leaves":4,"minecraft:oak_planks":19,"minecraft:black_stained_glass":1,"vct:spruce_crafting_table":1,"minecraft:spruce_log":1,"minecraft:andesite":9,"treechop:chopped_log":1,"minecraft:grass":4,"minecraft:pointed_dripstone":1,"minecraft:oak_log":8,"minecraft:dirt_path":1,"delightful:mini_melon":17,"minecraft:gravel":21,"lucky:lucky_block":2,"minecraft:stone":86,"minecraft:deepslate":107},"minecraft:custom":{"minecraft:interact_with_furnace":8,"minecraft:mob_kills":7,"minecraft:interact_with_crafting_table":11,"minecraft:open_barrel":1,"minecraft:leave_game":3,"minecraft:time_since_death":323,"minecraft:climb_one_cm":3706,"minecraft:time_since_rest":541,"minecraft:sprint_one_cm":153499,"minecraft:damage_taken":1463,"minecraft:walk_one_cm":171964,"minecraft:damage_blocked_by_shield":500,"minecraft:drop":3,"minecraft:damage_dealt":1437,"minecraft:fly_one_cm":189214,"minecraft:open_chest":6,"minecraft:crouch_one_cm":1361,"minecraft:play_time":58483,"minecraft:deaths":2,"minecraft:sneak_time":693,"minecraft:jump":1156,"minecraft:walk_on_water_one_cm":1060,"minecraft:total_world_time":58483,"minecraft:fall_one_cm":32170},"minecraft:broken":{"minecraft:wooden_axe":1,"minecraft:wooden_pickaxe":1},"minecraft:crafted":{"minecraft:oak_planks":28,"minecraft:crafting_table":2,"minecraft:melon_slice":39,"minecraft:spruce_planks":20,"minecraft:wooden_pickaxe":1,"vct:spruce_crafting_table":1,"minecraft:furnace":2,"minecraft:shield":1,"minecraft:stick":8,"minecraft:iron_ingot":8,"minecraft:iron_pickaxe":1,"minecraft:stone_pickaxe":1,"minecraft:wooden_axe":1},"minecraft:used":{"minecraft:stone_pickaxe":43,"minecraft:oak_planks":34,"minecraft:wooden_pickaxe":59,"minecraft:spruce_planks":11,"minecraft:shield":19,"minecraft:iron_sword":61,"vct:spruce_crafting_table":2,"minecraft:crafting_table":2,"minecraft:granite":1,"delightful:mini_melon":3,"minecraft:wooden_axe":54,"minecraft:apple":4,"minecraft:lantern":3,"minecraft:bread":7,"minecraft:blue_orchid":1,"minecraft:melon_slice":40,"minecraft:iron_pickaxe":179,"minecraft:spruce_sapling":4,"minecraft:cobblestone":6,"minecraft:furnace":2,"minecraft:experience_bottle":1}},"DataVersion":3120}