{"stats":{"minecraft:picked_up":{"minecraft:golden_helmet":1,"minecraft:stick":2,"minecraft:music_disc_strad":1,"minecraft:wheat":1,"minecraft:oak_fence":1,"minecraft:gravel":19,"minecraft:flint":1,"minecraft:oak_log":7,"minecraft:spruce_sapling":4,"minecraft:spruce_log":5,"minecraft:dirt":4,"minecraft:lantern":3,"minecraft:rotten_flesh":2,"minecraft:item_frame":3,"minecraft:experience_bottle":1,"delightful:mini_melon":16,"minecraft:wheat_seeds":5,"minecraft:spruce_planks":9,"minecraft:iron_ingot":2,"minecraft:saddle":2,"vct:spruce_crafting_table":1,"minecraft:melon_slice":1,"minecraft:coal_block":16,"minecraft:oak_planks":12,"minecraft:iron_sword":1,"minecraft:cobblestone":11},"minecraft:dropped":{"minecraft:dirt":2},"minecraft:killed_by":{"minecraft:skeleton":1},"minecraft:killed":{"kevin_trophy:blister_zombie":1,"minecraft:zombie":1},"minecraft:mined":{"minecraft:black_stained_glass":1,"minecraft:spruce_planks":9,"minecraft:spruce_log":1,"vct:spruce_crafting_table":1,"treechop:chopped_log":1,"minecraft:glow_lichen":1,"minecraft:oak_fence":1,"cobblemon:pink_apricorn":1,"minecraft:grass":4,"minecraft:grass_block":1,"minecraft:oak_log":8,"delightful:mini_melon":17,"minecraft:dirt_path":1,"minecraft:gravel":17,"minecraft:coal_block":16,"minecraft:tall_grass":1,"lucky:lucky_block":2,"minecraft:spruce_leaves":4,"minecraft:stone":13,"minecraft:oak_planks":12},"minecraft:custom":{"minecraft:time_since_rest":10581,"minecraft:sprint_one_cm":77424,"minecraft:damage_taken":734,"minecraft:walk_one_cm":99338,"minecraft:mob_kills":3,"minecraft:drop":1,"minecraft:damage_dealt":393,"minecraft:interact_with_crafting_table":4,"minecraft:fly_one_cm":167212,"minecraft:open_barrel":1,"minecraft:open_chest":6,"minecraft:crouch_one_cm":1025,"minecraft:play_time":34275,"minecraft:deaths":1,"minecraft:sneak_time":632,"minecraft:jump":842,"minecraft:leave_game":2,"minecraft:walk_on_water_one_cm":981,"minecraft:time_since_death":10521,"minecraft:total_world_time":34275,"minecraft:climb_one_cm":3000,"minecraft:fall_one_cm":26134},"minecraft:broken":{"minecraft:wooden_axe":1},"minecraft:crafted":{"minecraft:oak_planks":28,"minecraft:crafting_table":1,"minecraft:spruce_planks":20,"minecraft:melon_slice":39,"minecraft:stick":4,"minecraft:stone_pickaxe":1,"minecraft:wooden_pickaxe":1,"minecraft:wooden_axe":1,"vct:spruce_crafting_table":1},"minecraft:used":{"minecraft:wooden_axe":54,"minecraft:blue_orchid":1,"minecraft:melon_slice":34,"minecraft:oak_planks":34,"minecraft:spruce_planks":11,"minecraft:wooden_pickaxe":52,"minecraft:iron_sword":7,"minecraft:spruce_sapling":4,"vct:spruce_crafting_table":1,"minecraft:crafting_table":1,"delightful:mini_melon":3,"minecraft:experience_bottle":1}},"DataVersion":3120}