{"stats":{"minecraft:picked_up":{"minecraft:stick":2,"minecraft:music_disc_strad":1,"delightful:mini_melon":16,"vct:spruce_crafting_table":1,"minecraft:spruce_sapling":4,"minecraft:spruce_log":5,"minecraft:melon_slice":1},"minecraft:mined":{"delightful:mini_melon":17,"lucky:lucky_block":1,"vct:spruce_crafting_table":1,"minecraft:spruce_leaves":4,"minecraft:spruce_log":1,"treechop:chopped_log":1},"minecraft:custom":{"minecraft:open_chest":1,"minecraft:time_since_rest":10275,"minecraft:crouch_one_cm":235,"minecraft:sprint_one_cm":35223,"minecraft:play_time":10275,"minecraft:damage_taken":213,"minecraft:walk_one_cm":27999,"minecraft:sneak_time":33,"minecraft:mob_kills":1,"minecraft:jump":263,"minecraft:damage_dealt":271,"minecraft:leave_game":2,"minecraft:time_since_death":10275,"minecraft:climb_one_cm":301,"minecraft:total_world_time":10275,"minecraft:interact_with_crafting_table":2,"minecraft:fall_one_cm":5016,"minecraft:fly_one_cm":58582},"minecraft:crafted":{"vct:spruce_crafting_table":1,"minecraft:melon_slice":39,"minecraft:spruce_planks":20,"minecraft:stick":4,"minecraft:wooden_pickaxe":1,"minecraft:wooden_axe":1},"minecraft:used":{"minecraft:wooden_axe":22,"minecraft:melon_slice":12,"delightful:mini_melon":3,"minecraft:spruce_sapling":4,"vct:spruce_crafting_table":1}},"DataVersion":3120}