{"stats":{"minecraft:custom":{"minecraft:jump":178,"minecraft:time_since_rest":4915,"minecraft:damage_dealt":10,"minecraft:sprint_one_cm":19439,"minecraft:play_time":4915,"minecraft:damage_taken":205,"minecraft:time_since_death":4915,"minecraft:walk_one_cm":10232,"minecraft:sneak_time":14,"minecraft:total_world_time":4915,"minecraft:fall_one_cm":4122,"minecraft:fly_one_cm":38035,"minecraft:leave_game":1},"minecraft:picked_up":{"minecraft:stick":2,"minecraft:spruce_sapling":4,"minecraft:music_disc_strad":1,"minecraft:spruce_log":5},"minecraft:crafted":{"vct:spruce_crafting_table":1,"minecraft:spruce_planks":20},"minecraft:mined":{"minecraft:spruce_log":1,"minecraft:spruce_leaves":3,"treechop:chopped_log":1},"minecraft:used":{"minecraft:spruce_sapling":4}},"DataVersion":3120}