{
  "minecraft:recipes/tools/fishing_rod": {
    "criteria": {
      "has_string": "2024-07-03 00:33:11 +0000"
    },
    "done": true
  },
  "usefulhats:recipes/combat/shulker_helmet": {
    "criteria": {
      "has_shulker_shell": "2024-07-03 00:33:11 +0000"
    },
    "done": true
  },
  "minecraft:recipes/combat/bow": {
    "criteria": {
      "has_string": "2024-07-03 00:33:11 +0000"
    },
    "done": true
  },
  "usefulhats:recipes/combat/chopping_hat": {
    "criteria": {
      "has_rabbit_hide": "2024-07-03 00:33:11 +0000"
    },
    "done": true
  },
  "bambooeverything:recipes/dry_bamboo_fence": {
    "criteria": {
      "has_dry_bundle": "2024-07-03 00:33:11 +0000",
      "has_dry_bamboo": "2024-07-03 00:33:11 +0000"
    },
    "done": true
  },
  "minecraft:recipes/combat/leather_chestplate": {
    "criteria": {
      "has_leather": "2024-07-03 07:36:41 +0000"
    },
    "done": true
  },
  "minecraft:adventure/kill_a_mob": {
    "criteria": {
      "minecraft:spider": "2024-07-03 00:33:10 +0000"
    },
    "done": true
  },
  "mcwfences:recipes/deepslate": {
    "criteria": {
      "has_deepslate": "2024-07-03 00:33:11 +0000"
    },
    "done": true
  },
  "travelersbackpack:recipes/travelersbackpack/horse": {
    "criteria": {
      "has_leather": "2024-07-03 07:36:41 +0000"
    },
    "done": true
  },
  "naturescompass:natures_compass": {
    "criteria": {
      "has_compass": "2024-07-03 00:33:11 +0000"
    },
    "done": true
  },
  "minecraft:recipes/decorations/loom": {
    "criteria": {
      "has_string": "2024-07-03 00:33:11 +0000"
    },
    "done": true
  },
  "mcwfences:recipes/blackstone": {
    "criteria": {
      "has_blackstone": "2024-07-03 00:33:11 +0000"
    },
    "done": true
  },
  "bambooeverything:recipes/bamboo_bundle": {
    "criteria": {
      "has_bamboo": "2024-07-03 00:33:11 +0000"
    },
    "done": true
  },
  "bambooeverything:recipes/dry_bamboo_door": {
    "criteria": {
      "has_dry_bundle": "2024-07-03 00:33:11 +0000"
    },
    "done": true
  },
  "bambooeverything:recipes/bamboo_stairs": {
    "criteria": {
      "has_bundle": "2024-07-03 00:33:11 +0000"
    },
    "done": true
  },
  "minecraft:recipes/combat/leather_helmet": {
    "criteria": {
      "has_leather": "2024-07-03 07:36:41 +0000"
    },
    "done": true
  },
  "morevillagers:root": {
    "criteria": {
      "always": "2024-07-03 00:21:39 +0000"
    },
    "done": true
  },
  "minecraft:adventure/adventuring_time": {
    "criteria": {
      "minecraft:snowy_plains": "2024-07-02 23:49:42 +0000",
      "minecraft:ice_spikes": "2024-07-03 00:32:42 +0000",
      "minecraft:windswept_gravelly_hills": "2024-07-03 00:32:46 +0000"
    },
    "done": false
  },
  "bambooeverything:recipes/dry_bamboo_ladder": {
    "criteria": {
      "has_dry_bamboo": "2024-07-03 00:33:11 +0000"
    },
    "done": true
  },
  "mcwfences:recipes/sandstone": {
    "criteria": {
      "has_sand": "2024-07-03 00:33:11 +0000"
    },
    "done": true
  },
  "minecraft:recipes/decorations/candle": {
    "criteria": {
      "has_string": "2024-07-03 00:33:11 +0000"
    },
    "done": true
  },
  "bambooeverything:recipes/bamboo_door": {
    "criteria": {
      "has_bundle": "2024-07-03 00:33:11 +0000"
    },
    "done": true
  },
  "mcwfences:recipes/mud_brick": {
    "criteria": {
      "has_qq": "2024-07-03 00:33:11 +0000"
    },
    "done": true
  },
  "bambooeverything:recipes/dry_bamboo_stairs": {
    "criteria": {
      "has_dry_bundle": "2024-07-03 00:33:11 +0000"
    },
    "done": true
  },
  "bambooeverything:recipes/bamboo_trapdoor": {
    "criteria": {
      "has_bundle": "2024-07-03 00:33:11 +0000"
    },
    "done": true
  },
  "bambooeverything:recipes/dry_bamboo_trapdoor": {
    "criteria": {
      "has_dry_bundle": "2024-07-03 00:33:11 +0000"
    },
    "done": true
  },
  "bambooeverything:recipes/dry_bamboo_slab": {
    "criteria": {
      "has_dry_bundle": "2024-07-03 00:33:11 +0000"
    },
    "done": true
  },
  "mcwfences:recipes/nether": {
    "criteria": {
      "has_nether_brick": "2024-07-03 00:33:11 +0000"
    },
    "done": true
  },
  "usefulhats:recipes/combat/ender_helmet": {
    "criteria": {
      "has_ender_pearl": "2024-07-03 00:33:11 +0000"
    },
    "done": true
  },
  "usefulhats:recipes/combat/wing_helmet": {
    "criteria": {
      "has_feather": "2024-07-03 00:33:11 +0000",
      "has_phantom_membrane": "2024-07-03 00:33:11 +0000"
    },
    "done": true
  },
  "bambooeverything:recipes/bamboo_bundle_uncrafting": {
    "criteria": {
      "has_bundle": "2024-07-03 00:33:11 +0000"
    },
    "done": true
  },
  "travelersbackpack:recipes/travelersbackpack/spider": {
    "criteria": {
      "has_string": "2024-07-03 00:33:11 +0000"
    },
    "done": true
  },
  "mcwfences:recipes/crimson": {
    "criteria": {
      "has_crimson": "2024-07-03 00:33:11 +0000"
    },
    "done": true
  },
  "mcwfences:recipes/stone": {
    "criteria": {
      "has_stone": "2024-07-03 00:33:11 +0000"
    },
    "done": true
  },
  "mcwfences:recipes/mangrove": {
    "criteria": {
      "has_mangrove": "2024-07-03 00:33:11 +0000"
    },
    "done": true
  },
  "mcwfences:recipes/warped": {
    "criteria": {
      "has_warped": "2024-07-03 00:33:11 +0000"
    },
    "done": true
  },
  "minecraft:adventure/root": {
    "criteria": {
      "killed_something": "2024-07-03 00:33:10 +0000"
    },
    "done": true
  },
  "usefulhats:recipes/combat/bunny_ears": {
    "criteria": {
      "has_rabbit_hide": "2024-07-03 00:33:11 +0000",
      "has_carrot": "2024-07-03 00:33:11 +0000"
    },
    "done": true
  },
  "minecraft:recipes/combat/leather_boots": {
    "criteria": {
      "has_leather": "2024-07-03 07:36:41 +0000"
    },
    "done": true
  },
  "mcwfences:recipes/prismarine": {
    "criteria": {
      "has_qq": "2024-07-03 00:33:11 +0000"
    },
    "done": true
  },
  "mcwfences:recipes/bamboo": {
    "criteria": {
      "has_bamboo": "2024-07-03 00:33:11 +0000"
    },
    "done": true
  },
  "bambooeverything:recipes/bamboo_slab": {
    "criteria": {
      "has_bundle": "2024-07-03 00:33:11 +0000"
    },
    "done": true
  },
  "mcwfences:recipes/acacia": {
    "criteria": {
      "has_acacia": "2024-07-03 00:33:11 +0000"
    },
    "done": true
  },
  "bambooeverything:recipes/dry_bamboo_fence_gate": {
    "criteria": {
      "has_dry_bundle": "2024-07-03 00:33:11 +0000",
      "has_dry_bamboo": "2024-07-03 00:33:11 +0000"
    },
    "done": true
  },
  "farmersdelight:main/root": {
    "criteria": {
      "seeds": "2024-07-03 00:33:11 +0000"
    },
    "done": true
  },
  "minecraft:recipes/decorations/item_frame": {
    "criteria": {
      "has_leather": "2024-07-03 07:36:41 +0000"
    },
    "done": true
  },
  "minecraft:recipes/building_blocks/white_wool_from_string": {
    "criteria": {
      "has_string": "2024-07-03 00:33:11 +0000"
    },
    "done": true
  },
  "mcwfences:recipes/jungle": {
    "criteria": {
      "has_jungle": "2024-07-03 00:33:11 +0000"
    },
    "done": true
  },
  "bambooeverything:recipes/bamboo_ladder": {
    "criteria": {
      "has_bamboo": "2024-07-03 00:33:11 +0000"
    },
    "done": true
  },
  "minecraft:adventure/kill_all_mobs": {
    "criteria": {
      "minecraft:spider": "2024-07-03 00:33:10 +0000"
    },
    "done": false
  },
  "mcwfences:recipes/quartz": {
    "criteria": {
      "has_qq": "2024-07-03 00:33:11 +0000"
    },
    "done": true
  },
  "bambooeverything:recipes/dry_bamboo_bundle": {
    "criteria": {
      "has_dry_bamboo": "2024-07-03 00:33:11 +0000"
    },
    "done": true
  },
  "usefulbackpacks:recipes/backpack_small": {
    "criteria": {
      "has_leather": "2024-07-03 07:36:41 +0000"
    },
    "done": true
  },
  "mcwfences:recipes/spruce": {
    "criteria": {
      "has_spruce": "2024-07-03 00:33:11 +0000"
    },
    "done": true
  },
  "mcwfences:recipes/oak": {
    "criteria": {
      "has_oak": "2024-07-03 00:33:11 +0000"
    },
    "done": true
  },
  "mcwfences:recipes/hedge": {
    "criteria": {
      "has_birch": "2024-07-03 00:33:11 +0000"
    },
    "done": true
  },
  "mcwfences:recipes/end": {
    "criteria": {
      "has_end_brick": "2024-07-03 00:33:11 +0000"
    },
    "done": true
  },
  "mcwfences:recipes/birch": {
    "criteria": {
      "has_birch": "2024-07-03 00:33:11 +0000"
    },
    "done": true
  },
  "usefulhats:recipes/combat/halo": {
    "criteria": {
      "has_nether_star": "2024-07-03 00:33:11 +0000"
    },
    "done": true
  },
  "mcwfences:recipes/dark_oak": {
    "criteria": {
      "has_dark_oak": "2024-07-03 00:33:11 +0000"
    },
    "done": true
  },
  "minecraft:recipes/redstone/tripwire_hook": {
    "criteria": {
      "has_string": "2024-07-03 00:33:11 +0000"
    },
    "done": true
  },
  "parcool:grant_parcool_guide": {
    "criteria": {
      "tick": "2024-07-03 00:21:39 +0000"
    },
    "done": true
  },
  "naturescompass:natures_compass_log": {
    "criteria": {
      "has_recipe": "2024-07-03 00:33:11 +0000"
    },
    "done": true
  },
  "usefulhats:recipes/combat/aquanaut_helmet": {
    "criteria": {
      "has_turtle_helmet": "2024-07-03 00:33:11 +0000"
    },
    "done": true
  },
  "usefulbackpacks:recipes/filter_configurator": {
    "criteria": {
      "has_leather": "2024-07-03 07:36:41 +0000"
    },
    "done": true
  },
  "usefulhats:recipes/combat/stocking_cap": {
    "criteria": {
      "has_string": "2024-07-03 00:33:11 +0000"
    },
    "done": true
  },
  "naturescompass:natures_compass_sapling": {
    "criteria": {
      "has_recipe": "2024-07-03 00:33:11 +0000"
    },
    "done": true
  },
  "usefulhats:recipes/combat/lucky_hat": {
    "criteria": {
      "has_rabbit_foot": "2024-07-03 00:33:11 +0000"
    },
    "done": true
  },
  "usefulhats:recipes/combat/mining_hat": {
    "criteria": {
      "has_gold_ingot": "2024-07-03 00:33:11 +0000",
      "has_glowstone_dust": "2024-07-03 00:33:11 +0000"
    },
    "done": true
  },
  "minecraft:recipes/combat/crossbow": {
    "criteria": {
      "has_string": "2024-07-03 00:33:11 +0000"
    },
    "done": true
  },
  "bambooeverything:recipes/bamboo_fence_gate": {
    "criteria": {
      "has_bamboo": "2024-07-03 00:33:11 +0000",
      "has_bundle": "2024-07-03 00:33:11 +0000"
    },
    "done": true
  },
  "bambooeverything:recipes/bamboo_fence": {
    "criteria": {
      "has_bamboo": "2024-07-03 00:33:11 +0000",
      "has_bundle": "2024-07-03 00:33:11 +0000"
    },
    "done": true
  },
  "usefulhats:recipes/combat/straw_hat": {
    "criteria": {
      "has_wheat": "2024-07-03 00:33:11 +0000"
    },
    "done": true
  },
  "bambooeverything:recipes/dry_bamboo_bundle_uncrafting": {
    "criteria": {
      "has_dry_bundle": "2024-07-03 00:33:11 +0000"
    },
    "done": true
  },
  "usefulhats:recipes/combat/postman_hat": {
    "criteria": {
      "has_lapis_lazuli": "2024-07-03 00:33:11 +0000",
      "has_gold_nugget": "2024-07-03 00:33:11 +0000"
    },
    "done": true
  },
  "minecraft:recipes/misc/leather_horse_armor": {
    "criteria": {
      "has_leather": "2024-07-03 07:36:41 +0000"
    },
    "done": true
  },
  "minecraft:recipes/combat/leather_leggings": {
    "criteria": {
      "has_leather": "2024-07-03 07:36:41 +0000"
    },
    "done": true
  },
  "DataVersion": 3120
}