{
  "usefulhats:recipes/combat/shulker_helmet": {
    "criteria": {
      "has_shulker_shell": "2024-07-03 07:34:33 +0000"
    },
    "done": true
  },
  "bambooeverything:recipes/dry_bamboo_fence": {
    "criteria": {
      "has_dry_bundle": "2024-07-03 07:34:33 +0000",
      "has_dry_bamboo": "2024-07-03 07:34:33 +0000"
    },
    "done": true
  },
  "minecraft:recipes/tools/wooden_axe": {
    "criteria": {
      "has_stick": "2024-07-03 07:36:02 +0000"
    },
    "done": true
  },
  "minecraft:recipes/decorations/spruce_sign": {
    "criteria": {
      "has_planks": "2024-07-03 07:36:18 +0000"
    },
    "done": true
  },
  "mcwfences:recipes/deepslate": {
    "criteria": {
      "has_deepslate": "2024-07-03 07:34:33 +0000"
    },
    "done": true
  },
  "morevillagers:first_village": {
    "criteria": {
      "plains": "2024-07-03 07:46:32 +0000"
    },
    "done": true
  },
  "naturescompass:natures_compass": {
    "criteria": {
      "has_compass": "2024-07-03 07:34:33 +0000"
    },
    "done": true
  },
  "mcwtrpdoors:recipes/spruce/spruce_barn_trapdoor": {
    "criteria": {
      "has_logs": "2024-07-03 07:36:02 +0000"
    },
    "done": true
  },
  "minecraft:recipes/redstone/spruce_door": {
    "criteria": {
      "has_planks": "2024-07-03 07:36:19 +0000"
    },
    "done": true
  },
  "mcwbridges:recipes/spruce_bridge_pier": {
    "criteria": {
      "has_planks": "2024-07-03 07:36:02 +0000"
    },
    "done": true
  },
  "minecraft:recipes/redstone/spruce_fence_gate": {
    "criteria": {
      "has_planks": "2024-07-03 07:36:19 +0000"
    },
    "done": true
  },
  "mcwbridges:recipes/rope_spruce_bridge": {
    "criteria": {
      "has_planks": "2024-07-03 07:36:19 +0000"
    },
    "done": true
  },
  "more_slabs_stairs_and_walls:recipes/building_blocks/spruce_log_slab_from_spruce_log_stonecutting": {
    "criteria": {
      "has_spruce_log": "2024-07-03 07:36:02 +0000"
    },
    "done": true
  },
  "bambooeverything:recipes/dry_bamboo_ladder": {
    "criteria": {
      "has_dry_bamboo": "2024-07-03 07:34:33 +0000"
    },
    "done": true
  },
  "mcwfences:recipes/sandstone": {
    "criteria": {
      "has_sand": "2024-07-03 07:34:33 +0000"
    },
    "done": true
  },
  "bambooeverything:recipes/bamboo_door": {
    "criteria": {
      "has_bundle": "2024-07-03 07:34:33 +0000"
    },
    "done": true
  },
  "minecraft:recipes/decorations/campfire": {
    "criteria": {
      "has_stick": "2024-07-03 07:36:02 +0000"
    },
    "done": true
  },
  "mcwfences:recipes/mud_brick": {
    "criteria": {
      "has_qq": "2024-07-03 07:34:33 +0000"
    },
    "done": true
  },
  "bambooeverything:recipes/dry_bamboo_stairs": {
    "criteria": {
      "has_dry_bundle": "2024-07-03 07:34:33 +0000"
    },
    "done": true
  },
  "minecraft:recipes/misc/melon_seeds": {
    "criteria": {
      "has_melon": "2024-07-03 07:44:39 +0000"
    },
    "done": true
  },
  "minecraft:recipes/decorations/ladder": {
    "criteria": {
      "has_stick": "2024-07-03 07:36:02 +0000"
    },
    "done": true
  },
  "more_slabs_stairs_and_walls:recipes/building_blocks/spruce_log_stairs": {
    "criteria": {
      "has_spruce_log": "2024-07-03 07:36:02 +0000"
    },
    "done": true
  },
  "bambooeverything:recipes/dry_bamboo_slab": {
    "criteria": {
      "has_dry_bundle": "2024-07-03 07:34:33 +0000"
    },
    "done": true
  },
  "usefulhats:recipes/combat/ender_helmet": {
    "criteria": {
      "has_ender_pearl": "2024-07-03 07:34:33 +0000"
    },
    "done": true
  },
  "minecraft:recipes/redstone/spruce_button": {
    "criteria": {
      "has_planks": "2024-07-03 07:36:19 +0000"
    },
    "done": true
  },
  "minecraft:recipes/tools/wooden_shovel": {
    "criteria": {
      "has_stick": "2024-07-03 07:36:02 +0000"
    },
    "done": true
  },
  "bambooeverything:recipes/bamboo_bundle_uncrafting": {
    "criteria": {
      "has_bundle": "2024-07-03 07:34:33 +0000"
    },
    "done": true
  },
  "woodenbucket:recipes/misc/wooden_bucket": {
    "criteria": {
      "has_log": "2024-07-03 07:36:02 +0000"
    },
    "done": true
  },
  "mcwfences:recipes/stone": {
    "criteria": {
      "has_stone": "2024-07-03 07:34:33 +0000"
    },
    "done": true
  },
  "mcwtrpdoors:recipes/mangrove/mangrove_ranch_trapdoor": {
    "criteria": {
      "has_logs": "2024-07-03 07:36:02 +0000"
    },
    "done": true
  },
  "mcwfences:recipes/mangrove": {
    "criteria": {
      "has_mangrove": "2024-07-03 07:34:33 +0000"
    },
    "done": true
  },
  "mcwfences:recipes/warped": {
    "criteria": {
      "has_warped": "2024-07-03 07:34:33 +0000"
    },
    "done": true
  },
  "minecraft:recipes/misc/stick": {
    "criteria": {
      "has_planks": "2024-07-03 07:36:19 +0000"
    },
    "done": true
  },
  "minecraft:recipes/building_blocks/spruce_wood": {
    "criteria": {
      "has_log": "2024-07-03 07:36:02 +0000"
    },
    "done": true
  },
  "more_slabs_stairs_and_walls:recipes/building_blocks/spruce_log_stairs_from_spruce_log_stonecutting": {
    "criteria": {
      "has_spruce_log": "2024-07-03 07:36:02 +0000"
    },
    "done": true
  },
  "morevillagers:all_villages": {
    "criteria": {
      "plains": "2024-07-03 07:46:32 +0000"
    },
    "done": false
  },
  "minecraft:recipes/combat/wooden_sword": {
    "criteria": {
      "has_stick": "2024-07-03 07:36:02 +0000"
    },
    "done": true
  },
  "mcwfences:recipes/jungle": {
    "criteria": {
      "has_jungle": "2024-07-03 07:34:33 +0000"
    },
    "done": true
  },
  "mcwtrpdoors:recipes/spruce/spruce_beach_trapdoor": {
    "criteria": {
      "has_logs": "2024-07-03 07:36:02 +0000"
    },
    "done": true
  },
  "minecraft:recipes/building_blocks/spruce_slab": {
    "criteria": {
      "has_planks": "2024-07-03 07:36:19 +0000"
    },
    "done": true
  },
  "delightful:recipes/food/cooking/jelly_bottle": {
    "criteria": {
      "has_sweet_fruit": "2024-07-03 07:44:39 +0000"
    },
    "done": true
  },
  "bambooeverything:recipes/dry_bamboo_bundle": {
    "criteria": {
      "has_dry_bamboo": "2024-07-03 07:34:33 +0000"
    },
    "done": true
  },
  "mcwfences:recipes/spruce": {
    "criteria": {
      "has_spruce": "2024-07-03 07:34:33 +0000"
    },
    "done": true
  },
  "mcwfences:recipes/oak": {
    "criteria": {
      "has_oak": "2024-07-03 07:34:33 +0000"
    },
    "done": true
  },
  "mcwfences:recipes/hedge": {
    "criteria": {
      "has_birch": "2024-07-03 07:34:33 +0000"
    },
    "done": true
  },
  "more_slabs_stairs_and_walls:recipes/building_blocks/spruce_log_wall_from_spruce_log_stonecutting": {
    "criteria": {
      "has_spruce_log": "2024-07-03 07:36:02 +0000"
    },
    "done": true
  },
  "mcwfences:recipes/end": {
    "criteria": {
      "has_end_brick": "2024-07-03 07:34:33 +0000"
    },
    "done": true
  },
  "more_slabs_stairs_and_walls:recipes/building_blocks/spruce_planks_wall": {
    "criteria": {
      "has_spruce_planks": "2024-07-03 07:36:19 +0000"
    },
    "done": true
  },
  "minecraft:husbandry/balanced_diet": {
    "criteria": {
      "melon_slice": "2024-07-03 07:44:42 +0000"
    },
    "done": false
  },
  "mcwfences:recipes/birch": {
    "criteria": {
      "has_birch": "2024-07-03 07:34:33 +0000"
    },
    "done": true
  },
  "more_slabs_stairs_and_walls:recipes/building_blocks/spruce_log_slab": {
    "criteria": {
      "has_spruce_log": "2024-07-03 07:36:02 +0000"
    },
    "done": true
  },
  "minecraft:recipes/tools/wooden_hoe": {
    "criteria": {
      "has_stick": "2024-07-03 07:36:02 +0000"
    },
    "done": true
  },
  "vct:recipes/decorations/spruce_crafting_table": {
    "criteria": {
      "has_items": "2024-07-03 07:36:19 +0000"
    },
    "done": true
  },
  "parcool:grant_parcool_guide": {
    "criteria": {
      "tick": "2024-07-03 07:32:48 +0000"
    },
    "done": true
  },
  "mcwtrpdoors:recipes/spruce/spruce_classic_trapdoor": {
    "criteria": {
      "has_logs": "2024-07-03 07:36:02 +0000"
    },
    "done": true
  },
  "mcwtrpdoors:recipes/acacia/mangrove_bark_trapdoor": {
    "criteria": {
      "has_logs": "2024-07-03 07:36:02 +0000"
    },
    "done": true
  },
  "mcwtrpdoors:recipes/spruce/spruce_barred_trapdoor": {
    "criteria": {
      "has_logs": "2024-07-03 07:36:02 +0000"
    },
    "done": true
  },
  "delightful:recipes/food/cooking/sinigang_no_ginger_citrus": {
    "criteria": {
      "has_ginger": "2024-07-03 07:44:39 +0000"
    },
    "done": true
  },
  "usefulhats:recipes/combat/aquanaut_helmet": {
    "criteria": {
      "has_turtle_helmet": "2024-07-03 07:34:33 +0000"
    },
    "done": true
  },
  "usefulhats:recipes/combat/stocking_cap": {
    "criteria": {
      "has_string": "2024-07-03 07:34:33 +0000"
    },
    "done": true
  },
  "naturescompass:natures_compass_sapling": {
    "criteria": {
      "has_recipe": "2024-07-03 07:34:33 +0000"
    },
    "done": true
  },
  "usefulhats:recipes/combat/lucky_hat": {
    "criteria": {
      "has_rabbit_foot": "2024-07-03 07:34:33 +0000"
    },
    "done": true
  },
  "usefulhats:recipes/combat/mining_hat": {
    "criteria": {
      "has_gold_ingot": "2024-07-03 07:34:33 +0000",
      "has_glowstone_dust": "2024-07-03 07:34:33 +0000"
    },
    "done": true
  },
  "minecraft:recipes/combat/crossbow": {
    "criteria": {
      "has_stick": "2024-07-03 07:36:02 +0000"
    },
    "done": true
  },
  "minecraft:recipes/redstone/spruce_pressure_plate": {
    "criteria": {
      "has_planks": "2024-07-03 07:36:19 +0000"
    },
    "done": true
  },
  "exlinefurniture:recipes/misc/spruce": {
    "criteria": {
      "has_ingredient": "2024-07-03 07:36:19 +0000"
    },
    "done": true
  },
  "bambooeverything:recipes/bamboo_fence_gate": {
    "criteria": {
      "has_bamboo": "2024-07-03 07:34:33 +0000",
      "has_bundle": "2024-07-03 07:34:33 +0000"
    },
    "done": true
  },
  "mcwbridges:recipes/spruce_rail_bridge": {
    "criteria": {
      "has_planks": "2024-07-03 07:36:19 +0000"
    },
    "done": true
  },
  "usefulhats:recipes/combat/straw_hat": {
    "criteria": {
      "has_wheat": "2024-07-03 07:34:33 +0000"
    },
    "done": true
  },
  "bambooeverything:recipes/dry_bamboo_bundle_uncrafting": {
    "criteria": {
      "has_dry_bundle": "2024-07-03 07:34:33 +0000"
    },
    "done": true
  },
  "usefulhats:recipes/combat/postman_hat": {
    "criteria": {
      "has_lapis_lazuli": "2024-07-03 07:34:33 +0000",
      "has_gold_nugget": "2024-07-03 07:34:33 +0000"
    },
    "done": true
  },
  "more_slabs_stairs_and_walls:recipes/building_blocks/spruce_planks_wall_from_spruce_planks_stonecutting": {
    "criteria": {
      "has_spruce_planks": "2024-07-03 07:36:19 +0000"
    },
    "done": true
  },
  "usefulhats:recipes/combat/chopping_hat": {
    "criteria": {
      "has_rabbit_hide": "2024-07-03 07:34:33 +0000"
    },
    "done": true
  },
  "mcwtrpdoors:recipes/bamboo/bamboo_ranch_trapdoor": {
    "criteria": {
      "has_logs": "2024-07-03 07:36:02 +0000"
    },
    "done": true
  },
  "mcwtrpdoors:recipes/print_cottage": {
    "criteria": {
      "has_logs": "2024-07-03 07:36:02 +0000"
    },
    "done": true
  },
  "farmersdelight:recipes/farmersdelight/flint_knife": {
    "criteria": {
      "has_stick": "2024-07-03 07:36:02 +0000"
    },
    "done": true
  },
  "mcwtrpdoors:recipes/spruce/spruce_paper_trapdoor": {
    "criteria": {
      "has_logs": "2024-07-03 07:36:02 +0000"
    },
    "done": true
  },
  "farmersdelight:recipes/farmersdelight/melon_juice": {
    "criteria": {
      "has_melon_slice": "2024-07-03 07:44:39 +0000"
    },
    "done": true
  },
  "mcwfences:recipes/blackstone": {
    "criteria": {
      "has_blackstone": "2024-07-03 07:34:33 +0000"
    },
    "done": true
  },
  "bambooeverything:recipes/bamboo_bundle": {
    "criteria": {
      "has_bamboo": "2024-07-03 07:34:33 +0000"
    },
    "done": true
  },
  "bambooeverything:recipes/dry_bamboo_door": {
    "criteria": {
      "has_dry_bundle": "2024-07-03 07:34:33 +0000"
    },
    "done": true
  },
  "travelersbackpack:recipes/travelersbackpack/melon": {
    "criteria": {
      "has_melon_slice": "2024-07-03 07:44:39 +0000"
    },
    "done": true
  },
  "mcwtrpdoors:recipes/spruce_blossom_trapdoor": {
    "criteria": {
      "has_plankss": "2024-07-03 07:36:19 +0000"
    },
    "done": true
  },
  "bambooeverything:recipes/bamboo_stairs": {
    "criteria": {
      "has_bundle": "2024-07-03 07:34:33 +0000"
    },
    "done": true
  },
  "mcwtrpdoors:recipes/spruce/spruce_glass_trapdoor": {
    "criteria": {
      "has_logs": "2024-07-03 07:36:02 +0000"
    },
    "done": true
  },
  "morevillagers:root": {
    "criteria": {
      "always": "2024-07-03 07:32:48 +0000"
    },
    "done": true
  },
  "mcwtrpdoors:recipes/acacia/spruce_bark_trapdoor": {
    "criteria": {
      "has_logs": "2024-07-03 07:36:02 +0000"
    },
    "done": true
  },
  "minecraft:adventure/adventuring_time": {
    "criteria": {
      "minecraft:frozen_river": "2024-07-03 07:35:29 +0000",
      "minecraft:snowy_plains": "2024-07-03 07:32:49 +0000",
      "minecraft:windswept_gravelly_hills": "2024-07-03 07:33:21 +0000",
      "minecraft:plains": "2024-07-03 07:46:34 +0000"
    },
    "done": false
  },
  "minecraft:recipes/misc/charcoal": {
    "criteria": {
      "has_log": "2024-07-03 07:36:02 +0000"
    },
    "done": true
  },
  "minecraft:recipes/building_blocks/spruce_planks": {
    "criteria": {
      "has_logs": "2024-07-03 07:36:02 +0000"
    },
    "done": true
  },
  "bambooeverything:recipes/bamboo_trapdoor": {
    "criteria": {
      "has_bundle": "2024-07-03 07:34:33 +0000"
    },
    "done": true
  },
  "bambooeverything:recipes/dry_bamboo_trapdoor": {
    "criteria": {
      "has_dry_bundle": "2024-07-03 07:34:33 +0000"
    },
    "done": true
  },
  "minecraft:recipes/tools/wooden_pickaxe": {
    "criteria": {
      "has_stick": "2024-07-03 07:36:02 +0000"
    },
    "done": true
  },
  "minecraft:husbandry/root": {
    "criteria": {
      "consumed_item": "2024-07-03 07:44:42 +0000"
    },
    "done": true
  },
  "mcwfences:recipes/nether": {
    "criteria": {
      "has_nether_brick": "2024-07-03 07:34:33 +0000"
    },
    "done": true
  },
  "minecraft:recipes/decorations/barrel": {
    "criteria": {
      "has_planks": "2024-07-03 07:36:19 +0000"
    },
    "done": true
  },
  "usefulhats:recipes/combat/wing_helmet": {
    "criteria": {
      "has_feather": "2024-07-03 07:34:33 +0000",
      "has_phantom_membrane": "2024-07-03 07:34:33 +0000"
    },
    "done": true
  },
  "mcwtrpdoors:recipes/spruce/spruce_ranch_trapdoor": {
    "criteria": {
      "has_logs": "2024-07-03 07:36:02 +0000"
    },
    "done": true
  },
  "mcwtrpdoors:recipes/spruce/spruce_four_panel_trapdoor": {
    "criteria": {
      "has_logs": "2024-07-03 07:36:02 +0000"
    },
    "done": true
  },
  "mcwfences:recipes/crimson": {
    "criteria": {
      "has_crimson": "2024-07-03 07:34:33 +0000"
    },
    "done": true
  },
  "mcwtrpdoors:recipes/spruce/spruce_barrel_trapdoor": {
    "criteria": {
      "has_logs": "2024-07-03 07:36:02 +0000"
    },
    "done": true
  },
  "farmersdelight:recipes/farmersdelight/cutting_board": {
    "criteria": {
      "has_stick": "2024-07-03 07:36:02 +0000"
    },
    "done": true
  },
  "mcwtrpdoors:recipes/spruce/spruce_mystic_trapdoor": {
    "criteria": {
      "has_logs": "2024-07-03 07:36:02 +0000"
    },
    "done": true
  },
  "usefulhats:recipes/combat/bunny_ears": {
    "criteria": {
      "has_rabbit_hide": "2024-07-03 07:34:33 +0000",
      "has_carrot": "2024-07-03 07:34:33 +0000"
    },
    "done": true
  },
  "minecraft:adventure/root": {
    "criteria": {
      "killed_something": "2024-07-03 07:44:10 +0000"
    },
    "done": true
  },
  "mcwfences:recipes/prismarine": {
    "criteria": {
      "has_qq": "2024-07-03 07:34:33 +0000"
    },
    "done": true
  },
  "mcwfences:recipes/bamboo": {
    "criteria": {
      "has_bamboo": "2024-07-03 07:34:33 +0000"
    },
    "done": true
  },
  "bambooeverything:recipes/bamboo_slab": {
    "criteria": {
      "has_bundle": "2024-07-03 07:34:33 +0000"
    },
    "done": true
  },
  "travelersbackpack:recipes/travelersbackpack/enderman": {
    "criteria": {
      "has_ender_pearl": "2024-07-03 07:46:59 +0000"
    },
    "done": true
  },
  "mcwfences:recipes/acacia": {
    "criteria": {
      "has_acacia": "2024-07-03 07:34:33 +0000"
    },
    "done": true
  },
  "bambooeverything:recipes/dry_bamboo_fence_gate": {
    "criteria": {
      "has_dry_bundle": "2024-07-03 07:34:33 +0000",
      "has_dry_bamboo": "2024-07-03 07:34:33 +0000"
    },
    "done": true
  },
  "farmersdelight:main/root": {
    "criteria": {
      "seeds": "2024-07-03 07:34:33 +0000"
    },
    "done": true
  },
  "more_slabs_stairs_and_walls:recipes/building_blocks/spruce_log_wall": {
    "criteria": {
      "has_spruce_log": "2024-07-03 07:36:02 +0000"
    },
    "done": true
  },
  "mcwtrpdoors:recipes/spruce/spruce_swamp_trapdoor": {
    "criteria": {
      "has_logs": "2024-07-03 07:36:02 +0000"
    },
    "done": true
  },
  "minecraft:recipes/decorations/spruce_fence": {
    "criteria": {
      "has_planks": "2024-07-03 07:36:19 +0000"
    },
    "done": true
  },
  "bambooeverything:recipes/bamboo_ladder": {
    "criteria": {
      "has_bamboo": "2024-07-03 07:34:33 +0000"
    },
    "done": true
  },
  "farmersdelight:recipes/farmersdelight/melon_popsicle": {
    "criteria": {
      "has_melon": "2024-07-03 07:44:39 +0000"
    },
    "done": true
  },
  "mcwfences:recipes/quartz": {
    "criteria": {
      "has_qq": "2024-07-03 07:34:33 +0000"
    },
    "done": true
  },
  "mcwtrpdoors:recipes/spruce/spruce_tropical_trapdoor": {
    "criteria": {
      "has_logs": "2024-07-03 07:36:02 +0000"
    },
    "done": true
  },
  "usefulhats:recipes/combat/halo": {
    "criteria": {
      "has_nether_star": "2024-07-03 07:34:33 +0000"
    },
    "done": true
  },
  "mcwfences:recipes/dark_oak": {
    "criteria": {
      "has_dark_oak": "2024-07-03 07:34:33 +0000"
    },
    "done": true
  },
  "mcwbridges:recipes/spruce_log_bridge_middle": {
    "criteria": {
      "has_planks": "2024-07-03 07:36:19 +0000"
    },
    "done": true
  },
  "minecraft:recipes/brewing/glistering_melon_slice": {
    "criteria": {
      "has_melon": "2024-07-03 07:44:39 +0000"
    },
    "done": true
  },
  "minecraft:recipes/building_blocks/spruce_stairs": {
    "criteria": {
      "has_planks": "2024-07-03 07:36:19 +0000"
    },
    "done": true
  },
  "minecraft:recipes/redstone/spruce_trapdoor": {
    "criteria": {
      "has_planks": "2024-07-03 07:36:19 +0000"
    },
    "done": true
  },
  "naturescompass:natures_compass_log": {
    "criteria": {
      "has_recipe": "2024-07-03 07:34:33 +0000"
    },
    "done": true
  },
  "minecraft:recipes/decorations/soul_campfire": {
    "criteria": {
      "has_stick": "2024-07-03 07:36:02 +0000"
    },
    "done": true
  },
  "farmersdelight:recipes/farmersdelight/cooking/apple_cider": {
    "criteria": {
      "has_apple": "2024-07-03 07:47:01 +0000"
    },
    "done": true
  },
  "minecraft:recipes/building_blocks/melon": {
    "criteria": {
      "has_melon": "2024-07-03 07:44:39 +0000"
    },
    "done": true
  },
  "delightful:recipes/melon_slice": {
    "criteria": {
      "has_mini_melon": "2024-07-03 07:44:22 +0000"
    },
    "done": true
  },
  "bambooeverything:recipes/bamboo_fence": {
    "criteria": {
      "has_bamboo": "2024-07-03 07:34:33 +0000",
      "has_bundle": "2024-07-03 07:34:33 +0000"
    },
    "done": true
  },
  "DataVersion": 3120
}